<i>
  <i image="bsc_0.png" delay="100" x="0" y="0"/>
  <i image="bsc_1.png" delay="100" x="0" y="0"/>
  <i image="bsc_2.png" delay="100" x="0" y="0"/>
  <i image="bsc_3.png" delay="100" x="0" y="0"/>
  <i image="bsc_4.png" delay="100" x="0" y="0"/>
  <i image="bsc_5.png" delay="100" x="0" y="0"/>
  <i image="enH0_0.png" delay="100" x="0" y="-35"/>
  <i image="enH0_1.png" delay="100" x="0" y="-35"/>
  <i image="enH0_2.png" delay="100" x="0" y="-35"/>
  <i image="enH1_0.png" delay="100" x="0" y="0"/>
  <i image="enH1_1.png" delay="100" x="0" y="0"/>
  <i image="enH1_2.png" delay="100" x="0" y="0"/>
  <i image="enV0_0.png" delay="100" x="-24" y="0"/>
  <i image="enV0_1.png" delay="100" x="-24" y="0"/>
  <i image="enV1_0.png" delay="100" x="0" y="0"/>
  <i image="enV1_1.png" delay="100" x="0" y="0"/>
  <i image="edU_0.png" delay="100" x="-28" y="-35"/>
  <i image="edU_1.png" delay="100" x="-28" y="-35"/>
  <i image="edU_2.png" delay="100" x="-28" y="-35"/>
  <i image="edD_0.png" delay="100" x="-18" y="0"/>
  <i image="edD_1.png" delay="100" x="-18" y="0"/>
  <i image="edD_2.png" delay="100" x="-18" y="0"/>
  <i image="edD_3.png" delay="100" x="-18" y="0"/>
  <i image="slLU_0.png" delay="100" x="-90" y="-94"/>
  <i image="slRU_0.png" delay="100" x="0" y="-95"/>
  <i image="slLD_0.png" delay="100" x="-90" y="0"/>
  <i image="slRD_0.png" delay="100" x="0" y="0"/>
</i>