<i>
  <i image="bsc_0.png" delay="100" x="0" y="0"/>
  <i image="bsc_1.png" delay="100" x="0" y="0"/>
  <i image="bsc_2.png" delay="100" x="0" y="0"/>
  <i image="enH0_0.png" delay="100" x="0" y="-24"/>
  <i image="enH1_0.png" delay="100" x="0" y="0"/>
  <i image="enV0_0.png" delay="100" x="-20" y="0"/>
  <i image="enV1_0.png" delay="100" x="0" y="0"/>
  <i image="edU_0.png" delay="100" x="-25" y="-25"/>
  <i image="edD_0.png" delay="100" x="-21" y="0"/>
  <i image="slLU_0.png" delay="100" x="-90" y="-82"/>
  <i image="slRU_0.png" delay="100" x="0" y="-82"/>
  <i image="slLD_0.png" delay="100" x="-90" y="0"/>
  <i image="slRD_0.png" delay="100" x="0" y="0"/>
</i>