<i>
  <i image="bsc_0.png" delay="100" x="0" y="0"/>
  <i image="bsc_1.png" delay="100" x="0" y="0"/>
  <i image="bsc_2.png" delay="100" x="0" y="0"/>
  <i image="enH0_0.png" delay="100" x="0" y="-20"/>
  <i image="enH0_1.png" delay="100" x="0" y="-20"/>
  <i image="enH1_0.png" delay="100" x="0" y="0"/>
  <i image="enH1_1.png" delay="100" x="0" y="0"/>
  <i image="enV0_0.png" delay="100" x="-16" y="0"/>
  <i image="enV0_1.png" delay="100" x="-16" y="0"/>
  <i image="enV0_2.png" delay="100" x="-16" y="0"/>
  <i image="enV1_0.png" delay="100" x="0" y="0"/>
  <i image="enV1_1.png" delay="100" x="0" y="0"/>
  <i image="enV1_2.png" delay="100" x="0" y="0"/>
  <i image="edU_0.png" delay="100" x="-16" y="-19"/>
  <i image="edU_1.png" delay="100" x="-16" y="-19"/>
  <i image="edD_0.png" delay="100" x="-16" y="0"/>
  <i image="edD_1.png" delay="100" x="-16" y="0"/>
  <i image="slLU_0.png" delay="100" x="-90" y="-77"/>
  <i image="slRU_0.png" delay="100" x="0" y="-77"/>
  <i image="slLD_0.png" delay="100" x="-90" y="0"/>
  <i image="slRD_0.png" delay="100" x="0" y="0"/>
</i>