<i>
  <i image="bsc_0.png" delay="100" x="0" y="-1"/>
  <i image="bsc_1.png" delay="100" x="0" y="-1"/>
  <i image="bsc_2.png" delay="100" x="0" y="-1"/>
  <i image="bsc_3.png" delay="100" x="0" y="-1"/>
  <i image="bsc_4.png" delay="100" x="0" y="-1"/>
  <i image="bsc_5.png" delay="100" x="0" y="-1"/>
  <i image="enH0_0.png" delay="100" x="-2" y="-43"/>
  <i image="enH0_1.png" delay="100" x="-2" y="-43"/>
  <i image="enH0_2.png" delay="100" x="-2" y="-43"/>
  <i image="enH1_0.png" delay="100" x="0" y="-1"/>
  <i image="enV0_0.png" delay="100" x="-42" y="0"/>
  <i image="enV1_0.png" delay="100" x="0" y="-1"/>
  <i image="edU_0.png" delay="100" x="-44" y="-39"/>
  <i image="edD_0.png" delay="100" x="-43" y="-1"/>
  <i image="slLU_0.png" delay="100" x="-98" y="-100"/>
  <i image="slRU_0.png" delay="100" x="-2" y="-99"/>
  <i image="slLD_0.png" delay="100" x="-97" y="0"/>
  <i image="slRD_0.png" delay="100" x="0" y="-1"/>
</i>